<?xml version="1.0"?>
<pnp:Provisioning xmlns:pnp="http://schemas.dev.office.com/PnP/2015/12/ProvisioningSchema">
  <pnp:Preferences Generator="OfficeDevPnP.Core, Version=2.3.1604.0, Culture=neutral, PublicKeyToken=3751622786b357c2" />
  <pnp:Templates ID="CONTAINER-TEMPLATE-C5A07F41214745088D4F97C3A6BD50A7">
    <pnp:ProvisioningTemplate ID="TEMPLATE-C5A07F41214745088D4F97C3A6BD50A7" Version="1">     
      <pnp:PropertyBagEntries>
        <pnp:PropertyBagEntry Key="PnPExtensibilityDemo" Value="SPSDemoExtensibilityProvider" Overwrite="true" />
      </pnp:PropertyBagEntries>

      <pnp:Providers>
        <pnp:Provider 
          Enabled="true" 
          HandlerType="SPSaturday.PnP.Demo2Done.PnPExtensibility.SPSDemoExtensibilityProvider, SPSaturday.PnP.Demo2Done, Version=1.0.0.0, Culture=neutral, PublicKeyToken=null">
          <pnp:Configuration>
            <Value xmlns="http://schemas.mycompany.com/MyExtensibilityProviderConfiguration">
              {sitebasetemplate}
            </Value>
          </pnp:Configuration>
        </pnp:Provider>
      </pnp:Providers>
    </pnp:ProvisioningTemplate>
  </pnp:Templates>
</pnp:Provisioning>